FirstName,Surname,Location,Phone,Computer,Expenses
Cruz,Sanchez,Latour,0498 839 798,PC-1,"$2,421.24"
Shafira,Webb,Goes,0478 644 917,PC-2,$534.06
Robert,Burks,Tongerlo,0413 864 477,PC-3,$614.21
Martha,Calderon,Veenendaal,0411 872 126,PC-4,"$4,263.87"
Blaze,Alvarez,Anjou,0474 848 594,PC-5,"$3,726.41"
Keelie,Gibbs,Segovia,0452 614 718,PC-6,"$8,861.40"
Paula,Bartlett,Völklingen,0413 599 172,PC-7,"$3,544.60"
Herman,Guthrie,Buren,0476 183 695,PC-8,"$9,102.24"
Callum,Ayers,Brescia,0497 348 786,PC-9,"$8,605.50"
Zeus,Garcia,Gillette,0427 915 945,PC-10,"$7,796.95"
Odysseus,Blanchard,Wilskerke,0478 257 793,PC-11,"$5,033.28"
Howard,Mullins,Tulita,0431 495 774,PC-12,$939.79
Forrest,Hooper,Ciplet,0442 694 725,PC-13,"$2,703.58"
Dane,Chavez,Caucaia,0484 938 974,PC-14,"$8,119.66"
Ethan,Warren,Gaziantep,0457 571 113,PC-15,$507.09
Neil,Mcpherson,Dunkerque,0481 383 142,PC-16,"$2,787.30"
Galena,Mullen,Grande Prairie,0438 213 717,PC-17,"$9,684.61"
Kelly,Rogers,Monte San Giovanni in Sabina,0461 858 556,PC-18,"$2,151.45"
Nora,Travis,Reading,0482 489 385,PC-19,"$6,551.31"
Warren,Rivera,Sint-Pieters-Leeuw,0431 691 899,PC-20,"$8,250.95"
Sharon,Hopkins,Regina,0415 455 361,PC-21,"$9,453.56"
Maile,Dennis,Ligny,0444 767 675,PC-22,"$4,807.67"
Mallory,Valenzuela,Comano,0435 873 558,PC-23,"$7,127.99"
Sharon,Skinner,Kallo,0458 557 591,PC-24,$411.36
Allegra,Byers,Kitchener,0471 847 444,PC-25,"$3,965.76"
Liberty,Santiago,Porretta Terme,0473 184 387,PC-26,"$7,605.29"
Sylvia,Garner,Acciano,0411 779 932,PC-27,"$8,991.82"
Harriet,Sharpe,Canmore,0472 777 448,PC-28,"$7,318.12"
Ina,Kent,Donosti,0434 195 627,PC-29,$729.77
Madison,Hall,Verona,0456 183 282,PC-30,"$1,948.35"
Kirby,Hays,Sant'Urbano,0471 268 449,PC-31,"$5,738.91"
Lee,Cox,Gespeg,0467 448 121,PC-32,"$8,394.34"
Isabella,Browning,Beypazar?,0432 898 394,PC-33,"$4,798.08"
Minerva,Mullins,Hope,0493 963 793,PC-34,"$4,376.29"
Claudia,Singleton,Linkebeek,0443 472 939,PC-35,"$9,486.65"
David,Flynn,Timkur,0453 449 988,PC-36,"$9,359.35"
Calvin,Gallagher,South Bend,0476 925 451,PC-37,"$3,489.38"
Levi,Cook,Grand Falls,0443 214 122,PC-38,"$5,517.76"
Wanda,Velez,Purranque,0426 767 262,PC-39,"$6,008.00"
Cairo,Wilcox,Tire,0459 428 631,PC-40,"$2,622.69"
Nehru,Elliott,Comox,0479 526 347,PC-41,"$5,992.59"
Chaim,Irwin,Chestermere,0497 221 513,PC-42,"$7,020.67"
Chester,Lindsay,Vitrolles,0477 399 859,PC-43,$500.73
Hyatt,Forbes,San Pietro Mussolino,0455 621 971,PC-44,"$8,815.99"
Linus,Malone,Girifalco,0438 797 999,PC-45,"$7,362.50"
Mason,Kaufman,Rajkot,0462 727 846,PC-46,"$5,494.95"
Michael,Stark,Panketal,0435 972 432,PC-47,"$1,962.87"
Xanthus,Castillo,Olathe,0449 948 883,PC-48,"$4,036.72"
Emily,Christensen,Shimoga,0436 539 547,PC-49,$643.71
Alyssa,Yates,Königs Wusterhausen,0458 737 361,PC-50,"$1,521.83"
Vivien,Mcguire,Zaventem,0479 169 248,PC-51,"$6,953.35"
Kalia,Blanchard,Maple Creek,0499 153 477,PC-52,$95.55
Justin,Livingston,B.S.D.,0419 311 729,PC-53,"$7,290.36"
Michelle,Chang,Plymouth,0458 339 392,PC-54,"$6,065.13"
Chadwick,Sosa,San Vito al Tagliamento,0435 871 398,PC-55,"$2,934.38"
Lesley,Macdonald,Chandler,0485 731 162,PC-56,"$4,267.06"
Raya,Henry,Wagga Wagga,0481 785 948,PC-57,"$5,543.52"
Nathan,Blankenship,Beausejour,0422 959 584,PC-58,"$7,944.30"
Breanna,Strickland,Caccamo,0453 414 745,PC-59,$639.39
Leila,Navarro,Cerreto di Spoleto,0476 983 649,PC-60,"$6,460.83"
Alan,Villarreal,Rochester,0445 725 829,PC-61,"$1,585.84"
Xerxes,Webb,Cagliari,0438 867 666,PC-62,"$4,413.67"
Amity,Melendez,San Bernardo,0428 175 833,PC-63,"$6,009.92"
Shelley,Dorsey,Rishra,0416 192 382,PC-64,"$9,267.00"
Kareem,Macias,Goiânia,0468 266 725,PC-65,"$4,421.01"
Octavius,Jordan,Nampa,0428 636 226,PC-66,"$4,042.33"
Katelyn,Cochran,Sunset Point,0457 667 785,PC-67,$736.04
Donovan,Mccall,Richmond Hill,0484 952 994,PC-68,"$7,914.37"
Justin,Roy,GŽrouville,0453 148 932,PC-69,"$8,651.38"
Samson,Vazquez,Cessnock,0489 158 845,PC-70,"$4,494.60"
Melodie,Wagner,Urbe,0492 777 766,PC-71,"$5,785.91"
Heidi,Arnold,Milford Haven,0489 528 753,PC-72,"$5,653.94"
Dylan,Galloway,Harnoncourt,0496 711 256,PC-73,"$1,220.91"
Timothy,Chavez,Basirhat,0414 847 349,PC-74,$135.42
Guinevere,Wiley,Milazzo,0446 843 855,PC-75,$451.15
Reese,Christensen,Hualpén,0455 944 693,PC-76,"$3,641.16"
Melvin,Preston,Pelluhue,0478 269 395,PC-77,$553.81
Perry,French,Santa Flavia,0499 466 811,PC-78,"$6,872.88"
Ivan,Moon,Stonewall,0431 737 524,PC-79,"$1,248.01"
Gareth,Case,Oria,0499 173 418,PC-80,"$1,961.36"
Stuart,Gamble,Suruç,0444 661 732,PC-81,"$5,386.41"
Sydnee,Blanchard,Martello/Martell,0423 993 183,PC-82,"$2,706.14"
Oscar,Farmer,Sparwood,0456 151 225,PC-83,"$3,300.96"
Shaine,Griffin,Smoky Lake,0496 993 262,PC-84,"$8,497.82"
Nayda,Morrison,Southaven,0472 499 965,PC-85,"$5,294.74"
Vanna,Rollins,Erpe,0478 265 513,PC-86,"$3,073.39"
Veda,Fields,Lehrte,0428 494 884,PC-87,"$6,942.63"
Gisela,Francis,Dufftown,0449 918 644,PC-88,"$6,114.25"
Joshua,Davidson,Giarratana,0426 298 888,PC-89,"$1,496.61"
Kristen,Blevins,Halifax,0453 276 125,PC-90,"$1,514.90"
MacKenzie,Griffin,Spalbeek,0432 922 842,PC-91,"$6,393.18"
Gwendolyn,Guerra,Monceau-Imbrechies,0496 292 845,PC-92,"$7,163.17"
Shaeleigh,Roach,New Quay,0462 376 438,PC-93,"$6,015.65"
Benjamin,Galloway,Hertsberge,0434 127 451,PC-94,"$1,075.83"
Myra,Sloan,Nieuwmunster,0436 247 579,PC-95,"$2,385.18"
Lysandra,Stark,Calera,0481 157 189,PC-96,"$7,707.66"
Dora,Bullock,Des Moines,0418 284 876,PC-97,"$6,697.25"
Coby,Camacho,Genappe,0438 764 992,PC-98,"$6,405.78"
Xanthus,Walsh,Liernu,0492 367 289,PC-99,"$6,360.12"
Mari,Spencer,Priolo Gargallo,0423 782 646,PC-100,"$9,530.09"
